{"model_type": "XGBClassifier", "model_post_processing_params": {"n_classes_": 2}, "input_quantizers": [{"cml_dumped_class_name": "UniformQuantizer", "zero_point": -1, "scale": 1388.888888888889, "offset": 0, "n_bits": 6}, {"cml_dumped_class_name": "UniformQuantizer", "zero_point": 0, "scale": 0.05932808917910109, "offset": 0, "n_bits": 6}, {"cml_dumped_class_name": "UniformQuantizer", "zero_point": 0, "scale": 0.15873015873015872, "offset": 0, "n_bits": 6}, {"cml_dumped_class_name": "UniformQuantizer", "zero_point": 0, "scale": 0.23809523809523808, "offset": 0, "n_bits": 6}, {"cml_dumped_class_name": "UniformQuantizer", "zero_point": 0, "scale": 9.523809523809524, "offset": 0, "n_bits": 6}, {"cml_dumped_class_name": "UniformQuantizer", "zero_point": 0, "scale": 0.2698412698412698, "offset": 0, "n_bits": 6}, {"cml_dumped_class_name": "UniformQuantizer", "zero_point": 0, "scale": 1.5789762029301588, "offset": 0, "n_bits": 6}, {"cml_dumped_class_name": "UniformQuantizer", "zero_point": 0, "scale": 0.015873015873015872, "offset": 0, "n_bits": 6}, {"cml_dumped_class_name": "UniformQuantizer", "zero_point": 0, "scale": 0.015873015873015872, "offset": 0, "n_bits": 6}, {"cml_dumped_class_name": "UniformQuantizer", "zero_point": 0, "scale": 0.015873015873015872, "offset": 0, "n_bits": 6}], "output_quantizers": [{"cml_dumped_class_name": "UniformQuantizer", "zero_point": 0, "scale": 0.005591397804598655, "offset": 32, "n_bits": 6}], "cml_version": "1.0.0", "is_fitted": true}